id,label
TEST_000,훼손
TEST_001,훼손
TEST_002,훼손
TEST_003,훼손
TEST_004,훼손
TEST_005,훼손
TEST_006,훼손
TEST_007,훼손
TEST_008,훼손
TEST_009,훼손
TEST_010,훼손
TEST_011,훼손
TEST_012,훼손
TEST_013,훼손
TEST_014,훼손
TEST_015,훼손
TEST_016,훼손
TEST_017,훼손
TEST_018,훼손
TEST_019,훼손
TEST_020,훼손
TEST_021,훼손
TEST_022,훼손
TEST_023,훼손
TEST_024,훼손
TEST_025,훼손
TEST_026,훼손
TEST_027,훼손
TEST_028,훼손
TEST_029,훼손
TEST_030,훼손
TEST_031,훼손
TEST_032,훼손
TEST_033,훼손
TEST_034,훼손
TEST_035,훼손
TEST_036,훼손
TEST_037,훼손
TEST_038,훼손
TEST_039,훼손
TEST_040,훼손
TEST_041,훼손
TEST_042,훼손
TEST_043,훼손
TEST_044,훼손
TEST_045,훼손
TEST_046,훼손
TEST_047,훼손
TEST_048,훼손
TEST_049,훼손
TEST_050,훼손
TEST_051,훼손
TEST_052,훼손
TEST_053,훼손
TEST_054,훼손
TEST_055,훼손
TEST_056,훼손
TEST_057,훼손
TEST_058,훼손
TEST_059,훼손
TEST_060,훼손
TEST_061,훼손
TEST_062,훼손
TEST_063,훼손
TEST_064,훼손
TEST_065,훼손
TEST_066,훼손
TEST_067,훼손
TEST_068,훼손
TEST_069,훼손
TEST_070,훼손
TEST_071,훼손
TEST_072,훼손
TEST_073,훼손
TEST_074,훼손
TEST_075,훼손
TEST_076,훼손
TEST_077,훼손
TEST_078,훼손
TEST_079,훼손
TEST_080,훼손
TEST_081,훼손
TEST_082,훼손
TEST_083,훼손
TEST_084,훼손
TEST_085,훼손
TEST_086,훼손
TEST_087,훼손
TEST_088,훼손
TEST_089,훼손
TEST_090,훼손
TEST_091,훼손
TEST_092,훼손
TEST_093,훼손
TEST_094,훼손
TEST_095,훼손
TEST_096,훼손
TEST_097,훼손
TEST_098,훼손
TEST_099,훼손
TEST_100,훼손
TEST_101,훼손
TEST_102,훼손
TEST_103,훼손
TEST_104,훼손
TEST_105,훼손
TEST_106,훼손
TEST_107,훼손
TEST_108,훼손
TEST_109,훼손
TEST_110,훼손
TEST_111,훼손
TEST_112,훼손
TEST_113,훼손
TEST_114,훼손
TEST_115,훼손
TEST_116,훼손
TEST_117,훼손
TEST_118,훼손
TEST_119,훼손
TEST_120,훼손
TEST_121,훼손
TEST_122,훼손
TEST_123,훼손
TEST_124,훼손
TEST_125,훼손
TEST_126,훼손
TEST_127,훼손
TEST_128,훼손
TEST_129,훼손
TEST_130,훼손
TEST_131,훼손
TEST_132,훼손
TEST_133,훼손
TEST_134,훼손
TEST_135,훼손
TEST_136,훼손
TEST_137,훼손
TEST_138,훼손
TEST_139,훼손
TEST_140,훼손
TEST_141,훼손
TEST_142,훼손
TEST_143,훼손
TEST_144,훼손
TEST_145,훼손
TEST_146,훼손
TEST_147,훼손
TEST_148,훼손
TEST_149,훼손
TEST_150,훼손
TEST_151,훼손
TEST_152,훼손
TEST_153,훼손
TEST_154,훼손
TEST_155,훼손
TEST_156,훼손
TEST_157,훼손
TEST_158,훼손
TEST_159,훼손
TEST_160,훼손
TEST_161,훼손
TEST_162,훼손
TEST_163,훼손
TEST_164,훼손
TEST_165,훼손
TEST_166,훼손
TEST_167,훼손
TEST_168,훼손
TEST_169,훼손
TEST_170,훼손
TEST_171,훼손
TEST_172,훼손
TEST_173,훼손
TEST_174,훼손
TEST_175,훼손
TEST_176,훼손
TEST_177,훼손
TEST_178,훼손
TEST_179,훼손
TEST_180,훼손
TEST_181,훼손
TEST_182,훼손
TEST_183,훼손
TEST_184,훼손
TEST_185,훼손
TEST_186,훼손
TEST_187,훼손
TEST_188,훼손
TEST_189,훼손
TEST_190,훼손
TEST_191,훼손
TEST_192,훼손
TEST_193,훼손
TEST_194,훼손
TEST_195,훼손
TEST_196,훼손
TEST_197,훼손
TEST_198,훼손
TEST_199,훼손
TEST_200,훼손
TEST_201,훼손
TEST_202,훼손
TEST_203,훼손
TEST_204,훼손
TEST_205,훼손
TEST_206,훼손
TEST_207,훼손
TEST_208,훼손
TEST_209,훼손
TEST_210,훼손
TEST_211,훼손
TEST_212,훼손
TEST_213,훼손
TEST_214,훼손
TEST_215,훼손
TEST_216,훼손
TEST_217,훼손
TEST_218,훼손
TEST_219,훼손
TEST_220,훼손
TEST_221,훼손
TEST_222,훼손
TEST_223,훼손
TEST_224,훼손
TEST_225,훼손
TEST_226,훼손
TEST_227,훼손
TEST_228,훼손
TEST_229,훼손
TEST_230,훼손
TEST_231,훼손
TEST_232,훼손
TEST_233,훼손
TEST_234,훼손
TEST_235,훼손
TEST_236,훼손
TEST_237,훼손
TEST_238,훼손
TEST_239,훼손
TEST_240,훼손
TEST_241,훼손
TEST_242,훼손
TEST_243,훼손
TEST_244,훼손
TEST_245,훼손
TEST_246,훼손
TEST_247,훼손
TEST_248,훼손
TEST_249,훼손
TEST_250,훼손
TEST_251,훼손
TEST_252,훼손
TEST_253,훼손
TEST_254,훼손
TEST_255,훼손
TEST_256,훼손
TEST_257,훼손
TEST_258,훼손
TEST_259,훼손
TEST_260,훼손
TEST_261,훼손
TEST_262,훼손
TEST_263,훼손
TEST_264,훼손
TEST_265,훼손
TEST_266,훼손
TEST_267,훼손
TEST_268,훼손
TEST_269,훼손
TEST_270,훼손
TEST_271,훼손
TEST_272,훼손
TEST_273,훼손
TEST_274,훼손
TEST_275,훼손
TEST_276,훼손
TEST_277,훼손
TEST_278,훼손
TEST_279,훼손
TEST_280,훼손
TEST_281,훼손
TEST_282,훼손
TEST_283,훼손
TEST_284,훼손
TEST_285,훼손
TEST_286,훼손
TEST_287,훼손
TEST_288,훼손
TEST_289,훼손
TEST_290,훼손
TEST_291,훼손
TEST_292,훼손
TEST_293,훼손
TEST_294,훼손
TEST_295,훼손
TEST_296,훼손
TEST_297,훼손
TEST_298,훼손
TEST_299,훼손
TEST_300,훼손
TEST_301,훼손
TEST_302,훼손
TEST_303,훼손
TEST_304,훼손
TEST_305,훼손
TEST_306,훼손
TEST_307,훼손
TEST_308,훼손
TEST_309,훼손
TEST_310,훼손
TEST_311,훼손
TEST_312,훼손
TEST_313,훼손
TEST_314,훼손
TEST_315,훼손
TEST_316,훼손
TEST_317,훼손
TEST_318,훼손
TEST_319,훼손
TEST_320,훼손
TEST_321,훼손
TEST_322,훼손
TEST_323,훼손
TEST_324,훼손
TEST_325,훼손
TEST_326,훼손
TEST_327,훼손
TEST_328,훼손
TEST_329,훼손
TEST_330,훼손
TEST_331,훼손
TEST_332,훼손
TEST_333,훼손
TEST_334,훼손
TEST_335,훼손
TEST_336,훼손
TEST_337,훼손
TEST_338,훼손
TEST_339,훼손
TEST_340,훼손
TEST_341,훼손
TEST_342,훼손
TEST_343,훼손
TEST_344,훼손
TEST_345,훼손
TEST_346,훼손
TEST_347,훼손
TEST_348,훼손
TEST_349,훼손
TEST_350,훼손
TEST_351,훼손
TEST_352,훼손
TEST_353,훼손
TEST_354,훼손
TEST_355,훼손
TEST_356,훼손
TEST_357,훼손
TEST_358,훼손
TEST_359,훼손
TEST_360,훼손
TEST_361,훼손
TEST_362,훼손
TEST_363,훼손
TEST_364,훼손
TEST_365,훼손
TEST_366,훼손
TEST_367,훼손
TEST_368,훼손
TEST_369,훼손
TEST_370,훼손
TEST_371,훼손
TEST_372,훼손
TEST_373,훼손
TEST_374,훼손
TEST_375,훼손
TEST_376,훼손
TEST_377,훼손
TEST_378,훼손
TEST_379,훼손
TEST_380,훼손
TEST_381,훼손
TEST_382,훼손
TEST_383,훼손
TEST_384,훼손
TEST_385,훼손
TEST_386,훼손
TEST_387,훼손
TEST_388,훼손
TEST_389,훼손
TEST_390,훼손
TEST_391,훼손
TEST_392,훼손
TEST_393,훼손
TEST_394,훼손
TEST_395,훼손
TEST_396,훼손
TEST_397,훼손
TEST_398,훼손
TEST_399,훼손
TEST_400,훼손
TEST_401,훼손
TEST_402,훼손
TEST_403,훼손
TEST_404,훼손
TEST_405,훼손
TEST_406,훼손
TEST_407,훼손
TEST_408,훼손
TEST_409,훼손
TEST_410,훼손
TEST_411,훼손
TEST_412,훼손
TEST_413,훼손
TEST_414,훼손
TEST_415,훼손
TEST_416,훼손
TEST_417,훼손
TEST_418,훼손
TEST_419,훼손
TEST_420,훼손
TEST_421,훼손
TEST_422,훼손
TEST_423,훼손
TEST_424,훼손
TEST_425,훼손
TEST_426,훼손
TEST_427,훼손
TEST_428,훼손
TEST_429,훼손
TEST_430,훼손
TEST_431,훼손
TEST_432,훼손
TEST_433,훼손
TEST_434,훼손
TEST_435,훼손
TEST_436,훼손
TEST_437,훼손
TEST_438,훼손
TEST_439,훼손
TEST_440,훼손
TEST_441,훼손
TEST_442,훼손
TEST_443,훼손
TEST_444,훼손
TEST_445,훼손
TEST_446,훼손
TEST_447,훼손
TEST_448,훼손
TEST_449,훼손
TEST_450,훼손
TEST_451,훼손
TEST_452,훼손
TEST_453,훼손
TEST_454,훼손
TEST_455,훼손
TEST_456,훼손
TEST_457,훼손
TEST_458,훼손
TEST_459,훼손
TEST_460,훼손
TEST_461,훼손
TEST_462,훼손
TEST_463,훼손
TEST_464,훼손
TEST_465,훼손
TEST_466,훼손
TEST_467,훼손
TEST_468,훼손
TEST_469,훼손
TEST_470,훼손
TEST_471,훼손
TEST_472,훼손
TEST_473,훼손
TEST_474,훼손
TEST_475,훼손
TEST_476,훼손
TEST_477,훼손
TEST_478,훼손
TEST_479,훼손
TEST_480,훼손
TEST_481,훼손
TEST_482,훼손
TEST_483,훼손
TEST_484,훼손
TEST_485,훼손
TEST_486,훼손
TEST_487,훼손
TEST_488,훼손
TEST_489,훼손
TEST_490,훼손
TEST_491,훼손
TEST_492,훼손
TEST_493,훼손
TEST_494,훼손
TEST_495,훼손
TEST_496,훼손
TEST_497,훼손
TEST_498,훼손
TEST_499,훼손
TEST_500,훼손
TEST_501,훼손
TEST_502,훼손
TEST_503,훼손
TEST_504,훼손
TEST_505,훼손
TEST_506,훼손
TEST_507,훼손
TEST_508,훼손
TEST_509,훼손
TEST_510,훼손
TEST_511,훼손
TEST_512,훼손
TEST_513,훼손
TEST_514,훼손
TEST_515,훼손
TEST_516,훼손
TEST_517,훼손
TEST_518,훼손
TEST_519,훼손
TEST_520,훼손
TEST_521,훼손
TEST_522,훼손
TEST_523,훼손
TEST_524,훼손
TEST_525,훼손
TEST_526,훼손
TEST_527,훼손
TEST_528,훼손
TEST_529,훼손
TEST_530,훼손
TEST_531,훼손
TEST_532,훼손
TEST_533,훼손
TEST_534,훼손
TEST_535,훼손
TEST_536,훼손
TEST_537,훼손
TEST_538,훼손
TEST_539,훼손
TEST_540,훼손
TEST_541,훼손
TEST_542,훼손
TEST_543,훼손
TEST_544,훼손
TEST_545,훼손
TEST_546,훼손
TEST_547,훼손
TEST_548,훼손
TEST_549,훼손
TEST_550,훼손
TEST_551,훼손
TEST_552,훼손
TEST_553,훼손
TEST_554,훼손
TEST_555,훼손
TEST_556,훼손
TEST_557,훼손
TEST_558,훼손
TEST_559,훼손
TEST_560,훼손
TEST_561,훼손
TEST_562,훼손
TEST_563,훼손
TEST_564,훼손
TEST_565,훼손
TEST_566,훼손
TEST_567,훼손
TEST_568,훼손
TEST_569,훼손
TEST_570,훼손
TEST_571,훼손
TEST_572,훼손
TEST_573,훼손
TEST_574,훼손
TEST_575,훼손
TEST_576,훼손
TEST_577,훼손
TEST_578,훼손
TEST_579,훼손
TEST_580,훼손
TEST_581,훼손
TEST_582,훼손
TEST_583,훼손
TEST_584,훼손
TEST_585,훼손
TEST_586,훼손
TEST_587,훼손
TEST_588,훼손
TEST_589,훼손
TEST_590,훼손
TEST_591,훼손
TEST_592,훼손
TEST_593,훼손
TEST_594,훼손
TEST_595,훼손
TEST_596,훼손
TEST_597,훼손
TEST_598,훼손
TEST_599,훼손
TEST_600,훼손
TEST_601,훼손
TEST_602,훼손
TEST_603,훼손
TEST_604,훼손
TEST_605,훼손
TEST_606,훼손
TEST_607,훼손
TEST_608,훼손
TEST_609,훼손
TEST_610,훼손
TEST_611,훼손
TEST_612,훼손
TEST_613,훼손
TEST_614,훼손
TEST_615,훼손
TEST_616,훼손
TEST_617,훼손
TEST_618,훼손
TEST_619,훼손
TEST_620,훼손
TEST_621,훼손
TEST_622,훼손
TEST_623,훼손
TEST_624,훼손
TEST_625,훼손
TEST_626,훼손
TEST_627,훼손
TEST_628,훼손
TEST_629,훼손
TEST_630,훼손
TEST_631,훼손
TEST_632,훼손
TEST_633,훼손
TEST_634,훼손
TEST_635,훼손
TEST_636,훼손
TEST_637,훼손
TEST_638,훼손
TEST_639,훼손
TEST_640,훼손
TEST_641,훼손
TEST_642,훼손
TEST_643,훼손
TEST_644,훼손
TEST_645,훼손
TEST_646,훼손
TEST_647,훼손
TEST_648,훼손
TEST_649,훼손
TEST_650,훼손
TEST_651,훼손
TEST_652,훼손
TEST_653,훼손
TEST_654,훼손
TEST_655,훼손
TEST_656,훼손
TEST_657,훼손
TEST_658,훼손
TEST_659,훼손
TEST_660,훼손
TEST_661,훼손
TEST_662,훼손
TEST_663,훼손
TEST_664,훼손
TEST_665,훼손
TEST_666,훼손
TEST_667,훼손
TEST_668,훼손
TEST_669,훼손
TEST_670,훼손
TEST_671,훼손
TEST_672,훼손
TEST_673,훼손
TEST_674,훼손
TEST_675,훼손
TEST_676,훼손
TEST_677,훼손
TEST_678,훼손
TEST_679,훼손
TEST_680,훼손
TEST_681,훼손
TEST_682,훼손
TEST_683,훼손
TEST_684,훼손
TEST_685,훼손
TEST_686,훼손
TEST_687,훼손
TEST_688,훼손
TEST_689,훼손
TEST_690,훼손
TEST_691,훼손
TEST_692,훼손
TEST_693,훼손
TEST_694,훼손
TEST_695,훼손
TEST_696,훼손
TEST_697,훼손
TEST_698,훼손
TEST_699,훼손
TEST_700,훼손
TEST_701,훼손
TEST_702,훼손
TEST_703,훼손
TEST_704,훼손
TEST_705,훼손
TEST_706,훼손
TEST_707,훼손
TEST_708,훼손
TEST_709,훼손
TEST_710,훼손
TEST_711,훼손
TEST_712,훼손
TEST_713,훼손
TEST_714,훼손
TEST_715,훼손
TEST_716,훼손
TEST_717,훼손
TEST_718,훼손
TEST_719,훼손
TEST_720,훼손
TEST_721,훼손
TEST_722,훼손
TEST_723,훼손
TEST_724,훼손
TEST_725,훼손
TEST_726,훼손
TEST_727,훼손
TEST_728,훼손
TEST_729,훼손
TEST_730,훼손
TEST_731,훼손
TEST_732,훼손
TEST_733,훼손
TEST_734,훼손
TEST_735,훼손
TEST_736,훼손
TEST_737,훼손
TEST_738,훼손
TEST_739,훼손
TEST_740,훼손
TEST_741,훼손
TEST_742,훼손
TEST_743,훼손
TEST_744,훼손
TEST_745,훼손
TEST_746,훼손
TEST_747,훼손
TEST_748,훼손
TEST_749,훼손
TEST_750,훼손
TEST_751,훼손
TEST_752,훼손
TEST_753,훼손
TEST_754,훼손
TEST_755,훼손
TEST_756,훼손
TEST_757,훼손
TEST_758,훼손
TEST_759,훼손
TEST_760,훼손
TEST_761,훼손
TEST_762,훼손
TEST_763,훼손
TEST_764,훼손
TEST_765,훼손
TEST_766,훼손
TEST_767,훼손
TEST_768,훼손
TEST_769,훼손
TEST_770,훼손
TEST_771,훼손
TEST_772,훼손
TEST_773,훼손
TEST_774,훼손
TEST_775,훼손
TEST_776,훼손
TEST_777,훼손
TEST_778,훼손
TEST_779,훼손
TEST_780,훼손
TEST_781,훼손
TEST_782,훼손
TEST_783,훼손
TEST_784,훼손
TEST_785,훼손
TEST_786,훼손
TEST_787,훼손
TEST_788,훼손
TEST_789,훼손
TEST_790,훼손
TEST_791,훼손
